ticker,name,market_cap
A,Agilent Technologies Inc.,0
AA,Alcoa Corporation,0
AACB,Artius II Acquisition Inc. Class A Ordinary Shares,0
AAL,American Airlines Group Inc.,0
AAME,Atlantic American Corp,0
AAMI,Acadian Asset Management Inc.,0
AAOI,"Applied Optoelectronics, Inc.",0
AAON,Aaon Inc,0
AAP,ADVANCE AUTO PARTS INC,0
AAPL,Apple Inc.,0
AARD,"Aardvark Therapeutics, Inc. Common Stock",0
AAT,"AMERICAN ASSETS TRUST, INC.",0
AAUC,Allied Gold Corporation,0
AB,"AllianceBernstein Holding, L.P.",0
ABAT,American Battery Technology Company Common Stock,0
ABBV,ABBVIE INC.,0
ABCB,Ameris Bancorp,0
ABCL,AbCellera Biologics Inc. Common Shares,0
ABEO,Abeona Therapeutics Inc. Common Stock,0
ABG,"Asbury Automotive Group, Inc.",0
ABLV,Able View Global Inc. Class B Ordinary Shares,0
ABM,"ABM Industries, Inc.",0
ABNB,"Airbnb, Inc. Class A Common Stock",0
ABOS,"Acumen Pharmaceuticals, Inc. Common Stock",0
ABR,"Arbor Realty Trust, Inc.",0
ABSI,Absci Corporation Common Stock,0
ABT,Abbott Laboratories,0
ABTC,American Bitcoin Corp. Class A Common Stock,0
ABTS,Abits Group Inc Ordinary Shares,0
ABUS,Arbutus Biopharma Corporation Common Stock,0
ABVC,"ABVC BioPharma, Inc. Common Stock",0
ABVE,Above Food Ingredients Inc. Common Stock,0
ABX,"Abacus Global Management, Inc.",0
ACA,"Arcosa, Inc. Common Stock",0
ACAD,Acadia Pharmaceuticals Inc.,0
ACB,Aurora Cannabis Inc. Common Shares,0
ACCL,Acco Group Holdings Limited Class A Ordinary Shares,0
ACCO,Acco Brands Corporation,0
ACCS,ACCESS Newswire Inc.,0
ACDC,ProFrac Holding Corp. Class A Common Stock,0
ACEL,"Accel Entertainment, Inc.",0
ACET,"Adicet Bio, Inc. Common Stock",0
ACFN,"Acorn Energy, Inc. Common Stock",0
ACGL,Arch Capital Group Ltd,0
ACGLN,"Arch Capital Group Ltd. Depositary Shares, each Representing a 1/1,000th Interest in a 4.550% Non-Cumulative Preferred Share, Series G",0
ACH,"Accendra Health, Inc.",0
ACHC,"Acadia Healthcare Company, Inc.",0
ACHR,Archer Aviation Inc.,0
ACHV,"Achieve Life Sciences, Inc.",0
ACI,"Albertsons Companies, Inc.",0
ACIC,American Coastal Insurance Corporation Common Stock,0
ACIU,AC Immune SA,0
ACIW,"ACI Worldwide, Inc.",0
ACLS,Axcelis Technologies Inc,0
ACLX,"Arcellx, Inc. Common Stock",0
ACM,Aecom,0
ACMR,"ACM Research, Inc. Class A Common Stock",0
ACN,Accenture PLC,0
ACNB,ACNB Corp,0
ACNT,Ascent Industries Co. Common Stock,0
ACOG,Alpha Cognition Inc. Common Stock,0
ACON,"Aclarion, Inc. Common Stock",0
ACR,ACRES Commercial Realty Corp.,0
ACRE,Ares Commercial Real Estate Corporation,0
ACRS,"Aclaris Therapeutics, Inc.",0
ACRV,"Acrivon Therapeutics, Inc. Common Stock",0
ACT,"Enact Holdings, Inc. Common Stock",0
ACTG,Acacia Research Corporation,0
ACTU,"Actuate Therapeutics, Inc. Common stock",0
ACU,Acme United Corporation,0
ACVA,ACV Auctions Inc.,0
ACXP,"Acurx Pharmaceuticals, Inc. Common Stock",0
AD,"Array Digital Infrastructure, Inc.",0
ADAC,American Drive Acquisition Company Class A Ordinary Shares,0
ADAM,"Adamas Trust, Inc. Common Stock",0
ADAMG,"Adamas Trust, Inc. 9.125% Senior Notes Due 2030",0
ADAMH,"Adamas Trust, Inc. 9.875% Senior Notes Due 2030",0
ADAMI,"Adamas Trust, Inc. 9.125% Senior Notes Due 2029",0
ADAML,"Adamas Trust, Inc. 6.875% Series F Fixed-to-Floating Rate Cumulative Redeemable Preferred Stock, $0.01 par value per share",0
ADAMO,"Adamas Trust, Inc. 9.250% Senior Notes Due 2031",0
ADAMZ,"Adamas Trust, Inc. 7.000% Series G Cumulative Redeemable Preferred Stock, $0.01 par value per share",0
ADBE,Adobe Inc.,0
ADC,Agree Realty Corporation,0
ADCT,ADC Therapeutics SA,0
ADEA,Adeia Inc. Common Stock,0
ADGM,"Adagio Medical Holdings, Inc Common Stock",0
ADI,"Analog Devices, Inc.",0
ADIL,"Adial Pharmaceuticals, Inc",0
ADM,Archer Daniels Midland Company,0
ADMA,"ADMA Biologics, Inc.",0
ADNT,Adient plc Ordinary Shares,0
ADP,Automatic Data Processing,0
ADPT,Adaptive Biotechnologies Corporation Common Stock,0
ADSE,ADS-TEC ENERGY PLC Ordinary Shares,0
ADSK,Autodesk Inc,0
ADT,ADT Inc.,0
ADTN,"ADTRAN Holdings, Inc. Common Stock",0
ADTX,"Aditxt, Inc. Common Stock",0
ADUR,Aduro Clean Technologies Inc. Common Stock,0
ADUS,Addus HomeCare Corp.,0
ADV,Advantage Solutions Inc. Class A Common Stock,0
ADVB,Advanced Biomed Inc. Common Stock,0
AEAQ,Activate Energy Acquisition Corp. Class A Ordinary Share,0
AEBI,Aebi Schmidt Holding AG Common Stock,0
AEC,Anfield Energy Inc. Common Shares,0
AEE,Ameren Corporation,0
AEG,Aegon Ltd.,0
AEHL,Antelope Enterprise Holdings Limited Class A Ordinary Shares,0
AEHR,Aehr Test Systems,0
AEI,Alset Inc. Common Stock (TX),0
AEIS,Advanced Energy Industries Inc,0
AEM,Agnico Eagle Mines Ltd.,0
AEMD,AETHLON MEDICAL INC,0
AENT,Alliance Entertainment Holding Corporation Class A Common Stock,0
AEO,American Eagle Outfitters,0
AEON,"AEON Biopharma, Inc.",0
AEP,"American Electric Power Company, Inc.",0
AER,Aercap Holdings N.V.,0
AERT,"Aeries Technology, Inc. Class A Ordinary Share",0
AES,AES Corporation,0
AESI,Atlas Energy Solutions Inc.,0
AEVA,"Aeva Technologies, Inc.",0
AEXA,American Exceptionalism Acquisition Corp. A,0
AEYE,"AudioEye, Inc. Common Stock",0
AFBI,"Affinity Bancshares, Inc. Common Stock (MD)",0
AFCG,Advanced Flower Capital Inc. Common Stock,0
AFG,"American Financial Group, Inc.",0
AFJK,"Aimei Health Technology Co., Ltd Ordinary Share",0
AFL,Aflac Inc.,0
AFRI,Forafric Global PLC Ordinary Shares,0
AFRM,"Affirm Holdings, Inc. Class A Common Stock",0
AFYA,Afya Limited Class A Common Shares,0
AG,FIRST MAJESTIC SILVER CORP,0
AGAE,Allied Gaming & Entertainment Inc. Common Stock,0
AGBK,AGI Inc,0
AGCC,Agencia Comercial Spirits Ltd Class A Ordinary Shares,0
AGCO,AGCO Corporation,0
AGEN,Agenus Inc.,0
AGH,Aureus Greenway Holdings Inc. Common Stock,0
AGI,Alamos Gold Inc. Class A Common Shares,0
AGIG,Abundia Global Impact Group Inc.,0
AGIO,"Agios Pharmaceuticals, Inc.",0
AGL,"agilon health, inc.",0
AGM,Federal Agricultural Mortgage Corporation,0
AGM.A,Federal Agricultural Mortgage Corporation Class A Voting,0
AGMH,AGM Group Holdings Inc. Class A Ordinary Shares,0
AGNC,AGNC Investment Corp. Common Stock,0
AGNCL,"AGNC Investment Corp. Depositary Shares Each Representing a 1/1,000th Interest in a Share of 7.75% Series G Fixed-Rate Reset Cumulative Redeemable Preferred Stock",0
AGNCO,"AGNC Investment Corp. Depositary Shares, each representing a 1/1,000th interest in a share of 6.50% Series E Fixed-to-Floating Cumulative Redeemable Preferred Stock",0
AGO,"Assured Guaranty, LTD",0
AGPU,Axe Compute Inc. Common Stock,0
AGRO,ADECOAGRO S.A.,0
AGRZ,Agroz Inc. Ordinary Shares,0
AGX,"Argan, Inc",0
AGYS,"Agilysys, Inc. Common Stock (DE)",0
AHCO,AdaptHealth Corp. Common Stock,0
AHH,"Armada Hoffler Properties, Inc.",0
AHMA,Ambitions Enterprise Management Co. L.L.C Class A Ordinary Shares,0
AHR,"American Healthcare REIT, Inc.",0
AHT,"Ashford Hospitality Trust, Inc.",0
AI,"C3.ai, Inc.",0
AIDX,"20/20 Biolabs, Inc. Common Stock",0
AIFF,"Firefly Neuroscience, Inc. Common Stock",0
AIFU,AIFU Inc. Class A Ordinary Share,0
AIG,"American International Group, Inc.",0
AIHS,Senmiao Technology Limited Common Stock,0
AII,"American Integrity Insurance Group, Inc.",0
AIIA,AI Infrastructure Acquisition Corp.,0
AIIO,Robo.ai Inc. Class B Ordinary Shares,0
AIM,AIM ImmunoTech Inc.,0
AIMD,"Ainos, Inc. Common Stock",0
AIN,Albany International Corp Class A,0
AIOS,AIOS Tech Inc. Class A Common Shares,0
AIOT,"PowerFleet, Inc. Common Stock",0
AIP,"Arteris, Inc. Common Stock",0
AIR,AAR Corp.,0
AIRE,reAlpha Tech Corp. Common Stock,0
AIRG,"Airgain, Inc. Common Stock",0
AIRI,Air Industries Group,0
AIRJ,AirJoule Technologies Corporation Class A Common Stock,0
AIRO,"AIRO Group Holdings, Inc. Common Stock",0
AIRS,"AirSculpt Technologies, Inc. Common Stock",0
AIRT,Air T Inc,0
AISP,"Airship AI Holdings, Inc. Class A Common Stock",0
AIT,"Applied Industrial Technologies, Inc.",0
AIV,Apartment Investment and Management Company,0
AIXC,"AIxCrypto Holdings, Inc. Common Stock",0
AIZ,"Assurant, Inc.",0
AJG,Arthur J. Gallagher & Co.,0
AKA,a.k.a. Brands Holding Corp.,0
AKAM,Akamai Technologies Inc,0
AKAN,Akanda Corp. Common Shares,0
AKBA,"Akebia Therapeutics, Inc.",0
AKR,Acadia Realty Trust,0
AKTS,"Aktis Oncology, Inc. Common stock",0
AL,Air Lease Corporation,0
ALAB,"Astera Labs, Inc. Common Stock",0
ALB,Albemarle Corporation,0
ALBT,Avalon GloboCare Corp. Common Stock,0
ALC,Alcon Inc. Ordinary Shares,0
ALCO,Alico Inc,0
ALCY,Alchemy Investments Acquisition Corp 1 Class A Ordinary Shares,0
ALDF,Aldel Financial II Inc. Class A Ordinary Shares,0
ALDX,"Aldeyra Therapeutics, Inc.",0
ALEC,"Alector, Inc. Common Stock",0
ALEX,"Alexander & Baldwin, Inc.",0
ALF,Centurion Acquisition Corp. Class A Ordinary Shares,0
ALG,"Alamo Group, Inc.",0
ALGM,"Allegro MicroSystems, Inc. Common Stock",0
ALGN,Align Technology Inc,0
ALGS,"Aligos Therapeutics, Inc. Common Stock",0
ALGT,Allegiant Travel Company,0
ALH,Alliance Laundry Holdings Inc.,0
ALHC,"Alignment Healthcare, Inc. Common Stock",0
ALIS,Calisa Acquisition Corp Ordinary shares,0
ALIT,"Alight, Inc.",0
ALK,"Alaska Air Group, Inc.",0
ALKS,Alkermes Inc. plc,0
ALKT,"Alkami Technology, Inc. Common Stock",0
ALL,The Allstate Corporation,0
ALLE,Allegion Public Limited Company,0
ALLO,"Allogene Therapeutics, Inc. Common Stock",0
ALLR,"Allarity Therapeutics, Inc. Common Stock",0
ALLT,Allot Ltd. Ordinary Shares,0
ALLY,Ally Financial Inc.,0
ALM,Almonty Industries Inc. Common Shares,0
ALMS,Alumis Inc. Common Stock,0
ALMU,"Aeluma, Inc. Common Stock",0
ALNT,Allient Inc. Common Stock,0
ALNY,"Alnylam Pharmaceuticals, Inc.",0
ALOT,"AstroNova, Inc. Common Stock",0
ALOY,REalloys Inc. Common Stock,0
ALPS,ALPS Group Inc Ordinary Share,0
ALRM,"Alarm.com Holdings, Inc.",0
ALRS,Alerus Financial Corporation Common Stock,0
ALSN,"ALLISON TRANSMISSION HOLDINGS, INC.",0
ALT,"Altimmune, Inc. Common Stock",0
ALTG,Alta Equipment Group Inc.,0
ALTI,"AlTi Global, Inc. Class A Common Stock",0
ALTO,"Alto Ingredients, Inc. Common Stock",0
ALTS,ALT5 Sigma Corporation Common Stock,0
ALUB,Alussa Energy Acquisition Corp. II,0
ALUR,"Allurion Technologies, Inc.",0
ALV,"Autoliv, Inc.",0
ALVO,Alvotech Ordinary Shares,0
ALX,Alexander's Inc.,0
ALXO,ALX Oncology Holdings Inc. Common Stock,0
ALZN,"Alzamend Neuro, Inc. Common Stock",0
AM,Antero Midstream Corporation Common Stock,0
AMAL,Amalgamated Financial Corp. Common Stock (DE),0
AMAT,Applied Materials Inc,0
AMBA,"Ambarella, Inc. Ordinary Shares",0
AMBP,Ardagh Metal Packaging S.A.,0
AMBQ,"Ambiq Micro, Inc.",0
AMC,"AMC ENTERTAINMENT HOLDINGS, INC.",0
AMCI,AMC Robotics Corporation Common Stock,0
AMCR,Amcor plc Ordinary Shares,0
AMCX,AMC Networks Inc. Class A,0
AMD,Advanced Micro Devices,0
AME,"Ametek, Inc.",0
AMG,Affiliated Managers Group,0
AMGN,Amgen Inc,0
AMH,AMERICAN HOMES 4 RENT,0
AMIX,"Autonomix Medical, Inc. Common Stock",0
AMKR,Amkor Technology Inc,0
AMLX,"Amylyx Pharmaceuticals, Inc. Common Stock",0
AMN,AMN Healthcare Services,0
AMOD,"Alpha Modus Holdings, Inc. Class A Common Stock",0
AMP,"Ameriprise Financial, Inc.",0
AMPG,AMPLITECH GROUP INC. COM,0
AMPH,"Amphastar Pharmaceuticals, Inc.",0
AMPL,"Amplitude, Inc. Class A Common Stock",0
AMPX,"Amprius Technologies, Inc.",0
AMPY,Amplify Energy Corp.,0
AMR,"Alpha Metallurgical Resources, Inc.",0
AMRC,"Ameresco, Inc.",0
AMRX,"Amneal Pharmaceuticals, Inc. Class A Common Stock",0
AMRZ,Amrize Ltd,0
AMS,American Shared Hospital Services,0
AMSC,American Superconductor Corp,0
AMSF,"AMERISAFE, Inc.",0
AMST,Amesite Inc.,0
AMT,American Tower Corporation,0
AMTB,Amerant Bancorp Inc.,0
AMTM,"Amentum Holdings, Inc.",0
AMTX,"Aemetis, Inc. (DE) Common Stock",0
AMWD,American Woodmark Corp,0
AMWL,American Well Corporation,0
AMZE,"Amaze Holdings, Inc.",0
AMZN,Amazon.Com Inc,0
AN,"AutoNation, Inc.",0
ANAB,"AnaptysBio, Inc. Common Stock",0
ANDE,Andersons Inc/The,0
ANDG,Andersen Group Inc.,0
ANEB,"Anebulo Pharmaceuticals, Inc. Common Stock",0
ANET,Arista Networks,0
ANF,Abercrombie & Fitch Co.,0
ANGH,Anghami Inc. Ordinary Shares,0
ANGI,Angi Inc. Class A Common Stock,0
ANGO,"AngioDynamics, Inc.",0
ANGX,"Angel Studios, Inc.",0
ANIK,Anika Therapeutics Inc,0
ANIP,"ANI Pharmaceuticals, Inc.",0
ANIX,"Anixa Biosciences, Inc.",0
ANNA,"AleAnna, Inc. Class A Common Stock",0
ANNX,"Annexon, Inc. Common Stock",0
ANPA,Rich Sparkle Holdings Limited Ordinary Shares,0
ANRO,Alto Neuroscience Inc.,0
ANSC,Agriculture & Natural Solutions Acquisition Corporation Class A Ordinary Shares,0
ANTA,Antalpha Platform Holding Company Class A Ordinary Shares,0
ANTX,"AN2 Therapeutics, Inc. Common Stock",0
ANVS,"Annovis Bio, Inc.",0
ANY,Sphere 3D Corp. Common Shares,0
AOMR,"Angel Oak Mortgage REIT, Inc.",0
AON,Aon plc Class A,0
AORT,"Artivion, Inc.",0
AOS,A.O. Smith Corporation,0
AOSL,Alpha and Omega Semiconductor Limited,0
AOUT,"American Outdoor Brands, Inc. Common Stock",0
AP,Ampco-Pittsburgh Corp.,0
APA,APA Corporation Common Stock,0
APAC,StoneBridge Acquisition II Corporation Class A Ordinary Shares,0
APAD,A Paradise Acquisition Corp. Class A Ordinary Shares,0
APAM,ARTISAN PARTNERS ASSET MANAGEMENT INC.,0
APC,ARKO Petroleum Corp. Class A Common Stock,0
APD,"Air Products & Chemicals, Inc.",0
APEI,"American Public Education, Inc.",0
APG,APi Group Corporation,0
APGE,"Apogee Therapeutics, Inc. Common Stock",0
APH,Amphenol Corporation,0
APLD,Applied Digital Corporation Common Stock,0
APLE,"Apple Hospitality REIT, Inc.",0
APLM,Apollomics Inc. Class A Ordinary Shares,0
APLS,"Apellis Pharmaceuticals, Inc. Common Stock",0
APM,Aptorum Group Limited Class A Ordinary Shares,0
APO,"Apollo Global Management, Inc.",0
APOG,Apogee Enterprises Inc,0
APP,Applovin Corporation Class A Common Stock,0
APPF,"AppFolio, Inc. Class A",0
APPN,Appian Corporation Class A Common Stock,0
APPS,"Digital Turbine, Inc.",0
APRE,"Aprea Therapeutics, Inc. Common stock",0
APT,"Alpha Pro Tech, Ltd.",0
APTV,Aptiv PLC,0
APUS,"Apimeds Pharmaceuticals US, Inc.",0
APVO,Aptevo Therapeutics Inc,0
APWC,Asia Pacific Wire & Cable Corp,0
APXT,Apex Treasury Corporation Class A Ordinary Share,0
APYX,Apyx Medical Corporation Common Stock,0
AQB,"AquaBounty Technologies, Inc.",0
AQMS,"Aqua Metals, Inc. Common Stock",0
AQN,Algonquin Power & Utilities Corp,0
AQST,"Aquestive Therapeutics, Inc. Common Stock",0
AR,ANTERO RESOURCES CORPORATION,0
ARAI,Arrive AI Inc. Common Stock,0
ARAY,Accuray Incorporated,0
ARBB,ARB IOT Group Limited Ordinary Shares,0
ARBE,Arbe Robotics Ltd. Ordinary Shares,0
ARCB,ArcBest Corporation,0
ARCC,Ares Capital Corporation,0
ARCO,ARCOS DORADOS HOLDINGS INC.,0
ARCT,Arcturus Therapeutics Holdings Inc. Common Stock,0
ARDT,"Ardent Health, Inc.",0
ARDX,"Ardelyx, Inc.",0
ARE,"Alexandria Real Estate Equities, Inc.",0
AREB,"American Rebel Holdings, Inc. Common Stock",0
AREC,AMERICAN RESOURCES CORP,0
AREN,"The Arena Group Holdings, Inc.",0
ARES,Ares Management Corporation Class A Common Stock,0
ARHS,"Arhaus, Inc. Class A Common Stock",0
ARI,"APOLLO COMMERCIAL REAL ESTATE FINANCE, INC.",0
ARIS,Aris Mining Corporation,0
ARKO,ARKO Corp. Common Stock,0
ARKR,Ark Restaurants Corp,0
ARL,"American Realty Investors, Inc.",0
ARLO,"Arlo Technologies, Inc.",0
ARLP,Alliance Resource Partners LP,0
ARMK,ARAMARK,0
ARMP,"Armata Pharmaceuticals, Inc. Common Stock",0
AROC,Archrock Inc,0
AROW,Arrow Financial Corp,0
ARQ,"Arq, Inc. Common Stock",0
ARQQ,Arqit Quantum Inc. Ordinary Shares,0
ARQT,"Arcutis Biotherapeutics, Inc. Common Stock",0
ARR,"ARMOUR Residential REIT, Inc.",0
ARRY,"Array Technologies, Inc. Common Stock",0
ARTC,Art Technology Acquisition Corp. Class A Ordinary Shares,0
ARTL,"Artelo Biosciences, Inc. Common Stock",0
ARTNA,Artesian Resources Corp,0
ARTV,"Artiva Biotherapeutics, Inc. Common Stock",0
ARTW,Arts-Way Manufacturing Co Inc,0
ARVN,"Arvinas, Inc",0
ARW,"Arrow Electronics, Inc.",0
ARWR,Arrowhead Research Corporation,0
ARX,Accelerant Holdings,0
AS,"Amer Sports, Inc.",0
ASAN,"Asana, Inc. Class A Common Stock",0
ASB,Associated Banc-Corp,0
ASBP,"Aspire Biopharma Holdings, Inc. Common Stock",0
ASC,ARDMORE SHIPPING CORPORATION,0
ASGN,ASGN Incorporated,0
ASH,Ashland Inc.,0
ASIC,Ategrity Specialty Insurance Company Holdings,0
ASIX,AdvanSix Inc.,0
ASLE,AerSale Corporation Common Stock,0
ASM,Avino Silver & Gold Mines Ltd. (Canada),0
ASMB,"Assembly Biosciences, Inc",0
ASNS,"Actelis Networks, Inc. Common Stock",0
ASO,"Academy Sports and Outdoors, Inc.",0
ASPC,A SPAC III Acquisition Corp. Class A Ordinary Shares,0
ASPI,ASP Isotopes Inc. Common Stock,0
ASPN,"Aspen Aerogels, Inc.",0
ASPS,Altisource Portfolio Solutions S.A.,0
ASRT,"Assertio Holdings, Inc. Common Stock",0
ASRV,AmeriServ Financial Inc,0
ASST,"Strive, Inc. Class A Common Stock",0
ASTC,Astrotech Corporation (DE) Common Stock,0
ASTE,Astec Industries Inc,0
ASTH,Astrana Health Inc. Common Stock,0
ASTI,"Ascent Solar Technologies, Inc. Common Stock",0
ASTL,Algoma Steel Group Inc. Common Shares,0
ASTS,"AST SpaceMobile, Inc. Class A Common Stock",0
ASUR,"Asure Software, Inc",0
ASYS,Amtech Systems Inc,0
ATAI,AtaiBeckley Inc. Common Stock,0
ATCH,"AtlasClear Holdings, Inc.",0
ATCX,Atlas Critical Minerals Corporation Common Stock,0
ATEC,"Alphatec Holdings, Inc.",0
ATEN,A10 NETWORKS INC,0
ATER,"Aterian, Inc. Common Stock",0
ATEX,Anterix Inc. Common Stock,0
ATGL,Alpha Technology Group Limited Class A Ordinary Shares,0
ATHR,"Aether Holdings, Inc. Common Stock",0
ATI,ATI Inc.,0
ATII,Archimedes Tech SPAC Partners II Co. Ordinary Shares,0
ATKR,Atkore Inc.,0
ATLC,Atlanticus Holdings Corporation,0
ATLCL,Atlanticus Holdings Corporation 6.125% Senior Notes due 2026,0
ATLCZ,Atlanticus Holdings Corporation 9.25% Senior Notes due 2029,0
ATLN,Atlantic International Corp. Common Stock,0
ATLO,AMES National Corp,0
ATLX,Atlas Lithium Corporation Common Stock,0
ATMU,Atmus Filtration Technologies Inc.,0
ATNI,"ATN International, Inc",0
ATNM,"Actinium Pharmaceuticals, Inc",0
ATO,Atmos Energy Corporation,0
ATOM,Atomera Incorporated Common Stock,0
ATON,AlphaTON Capital Corp. Common Stock,0
ATOS,"Atossa Therapeutics, Inc. Common Stock",0
ATPC,Agape ATP Corporation Common Stock,0
ATR,"AptarGroup, Inc.",0
ATRA,"Atara Biotherapeutics, Inc",0
ATRC,"AtriCure, Inc.",0
ATRO,Astronics Corp,0
ATS,ATS Corporation,0
ATXG,Addentax Group Corp. Common Stock,0
ATYR,"aTyr Pharma, Inc. Common Stock",0
AU,AngloGold Ashanti plc,0
AUB,Atlantic Union Bankshares Corporation,0
AUBN,Auburn National Bancorporation,0
AUDC,AudioCodes Ltd,0
AUGO,Aura Minerals Inc. Common Shares,0
AUID,authID Inc. Common Stock,0
AUNA,Auna S.A.,0
AUPH,Aurinia Pharmaceuticals Inc,0
AUR,"Aurora Innovation, Inc. Class A Common Stock",0
AURA,"Aura Biosciences, Inc. Common Stock",0
AURE,Aurelion Inc. Class A Ordinary Shares,0
AUST,Austin Gold Corp.,0
AUUD,Auddia Inc. Common Stock,0
AVA,Avista Corporation,0
AVAH,Aveanna Healthcare Holdings Inc. Common Stock,0
AVAV,"AeroVironment, Inc.",0
AVB,"AvalonBay Communities, Inc.",0
AVBC,"Avidia Bancorp, Inc.",0
AVBH,"Avidbank Holdings, Inc. Common stock",0
AVBP,"ArriVent BioPharma, Inc. Common Stock",0
AVD,American Vanguard Corporation,0
AVGO,Broadcom Inc. Common Stock,0
AVIR,"Atea Pharmaceuticals, Inc. Common Stock",0
AVNS,"Avanos Medical, Inc.",0
AVNT,Avient Corporation,0
AVNW,"Aviat Networks, Inc.",0
AVO,"Mission Produce, Inc. Common Stock",0
AVPT,"AvePoint, Inc. Class A Common Stock",0
AVR,Anteris Technologies Global Corp. Common Stock,0
AVT,"Avnet, Inc.",0
AVTR,"Avantor, Inc.",0
AVTX,"Avalo Therapeutics, Inc. Common Stock",0
AVX,Avax One Technology Ltd. Common Shares,0
AVXL,Anavex Life Sciences,0
AVY,Avery Dennison Corp.,0
AWI,"Armstrong World Industries, Inc.",0
AWK,"American Water Works Company, Inc",0
AWR,American States Water Company,0
AWRE,Aware Inc,0
AWX,Avalon Holdings Corp.,0
AX,"Axos Financial, Inc. Common Stock",0
AXG,Solowin Holdings Class A Ordinary Share,0
AXGN,"Axogen, Inc. Common Stock",0
AXIL,"AXIL Brands, Inc.",0
AXIN,Axiom Intelligence Acquisition Corp 1 Class A Ordinary Shares,0
AXON,"Axon Enterprise, Inc. Common Stock",0
AXP,American Express Company,0
AXR,AMREP Corporation,0
AXS,Axis Capital Holders Limited,0
AXSM,"Axsome Therapeutics, Inc",0
AXTA,Axalta Coating Systems Ltd.,0
AXTI,AXT Inc,0
AYI,Acuity Inc.,0
AYTU,"AYTU BioPharma, Inc. Common Stock",0
AZ,A2Z Cust2Mate Solutions Corp. Common Shares,0
AZI,Autozi Internet Technology (Global) Ltd. Class A Ordinary Shares,0
AZN,AstraZeneca PLC,0
AZO,"AutoZone, Inc.",0
AZTA,"Azenta, Inc.",0
AZTR,Azitra Inc,0
AZZ,AZZ Inc.,0
B,Barrick Mining Corporation,0
BA,Boeing Company,0
BAC,Bank of America Corporation,0
BACC,Blue Acquisition Corp. Class A Ordinary Shares,0
BACQ,Inflection Point Acquisition Corp. IV Class A Ordinary Shares,0
BAER,"Bridger Aerospace Group Holdings, Inc. Common Stock",0
BAFN,BayFirst Financial Corp. Common Stock,0
BAH,Booz Allen Hamilton Holding Corporation,0
BALL,Ball Corporation,0
BALY,Bally's Corporation,0
BAM,Brookfield Asset Management Ltd.,0
BANC,"Banc of California, Inc.",0
BAND,Bandwidth Inc. Class A Common Stock,0
BANF,Bancfirst Corp,0
BANL,CBL International Limited Class B Ordinary Shares,0
BANR,Banner Corp.,0
BANX,ArrowMark Financial Corp. Common Stock,0
BAOS,Baosheng Media Group Holdings Limited Ordinary shares,0
BAP,Credicorp LTD,0
BARK,"BARK, Inc.",0
BATL,Battalion Oil Corporation,0
BATRA,"Atlanta Braves Holdings, Inc. Series A Common Stock",0
BATRK,"Atlanta Braves Holdings, Inc. Series C Common Stock",0
BAX,Baxter International Inc.,0
BAYA,Bayview Acquisition Corp Class A Ordinary Shares,0
BB,BlackBerry Limited,0
BBAI,"BigBear.ai Holdings, Inc.",0
BBBY,"Bed Bath & Beyond, Inc.",0
BBCP,"Concrete Pumping Holdings, Inc. Common Stock",0
BBCQ,Bleichroeder Acquisition Corp. II Class A Ordinary Shares,0
BBDC,"Barings BDC, Inc.",0
BBGI,Beasley Broadcasting Group Inc,0
BBIO,"BridgeBio Pharma, Inc. Common Stock",0
BBLG,Bone Biologics Corp Common Stock,0
BBNX,"Beta Bionics, Inc. Common Stock",0
BBOT,"BridgeBio Oncology Therapeutics, Inc. Common Stock",0
BBSI,Barrett Business Services,0
BBT,Beacon Financial Corporation,0
BBU,Brookfield Business Partners L.P.Limited Partnership Units,0
BBUC,Brookfield Business Corporation Class A Exchangeable Subordinate Voting Shares,0
BBW,"Build-A-Bear Workshop, Inc.",0
BBWI,"Bath & Body Works, Inc.",0
BBY,"Best Buy Company, Inc.",0
BC,Brunswick Corporation,0
BCAB,"BioAtla, Inc. Common Stock",0
BCAL,California BanCorp Common Stock,0
BCAR,D. Boral ARC Acquisition I Corp. Class A Ordinary Shares,0
BCAX,Bicara Therapeutics Inc. Common Stock,0
BCBP,BCB Bancorp Inc (NJ),0
BCC,Boise Cascade Company,0
BCDA,"BioCardia, Inc. Common Stock",0
BCE,"BCE, Inc.",0
BCG,"Binah Capital Group, Inc. Common Stock",0
BCHT,Birchtech Corp.,0
BCIC,BCP Investment Corporation Common Stock,0
BCML,BayCom Corp Common Stock,0
BCO,The Brink's Company,0
BCPC,Balchem Corporation,0
BCRX,BioCryst Pharmaceuticals Inc,0
BCSF,"Bain Capital Specialty Finance, Inc.",0
BCSS,Bain Capital GSS Investment Corp.,0
BCTX,Briacell Therapeutics Corp. Common Shares,0
BCTXL,BriaCell Therapeutics Corp. Warrant expiring 2031,0
BDC,Belden Inc.,0
BDCI,BTC Development Corp. Class A Ordinary Shares,0
BDL,Flanigan's Enterprises Inc,0
BDMD,Baird Medical Investment Holdings Ltd Ordinary Share,0
BDN,Brandywine Realty Trust,0
BDSX,"Biodesix, Inc. Common Stock",0
BDTX,"Black Diamond Therapeutics, Inc. Common Stock",0
BDX,"Becton, Dickinson and Co.",0
BE,Bloom Energy Corporation,0
BEAG,Bold Eagle Acquisition Corp. Class A Ordinary Shares,0
BEAM,Beam Therapeutics Inc. Common Stock,0
BEAT,"Heartbeam, Inc. Common Stock",0
BEBE,TGE Value Creative Solutions Corp,0
BEEM,Beam Global Common Stock,0
BEEP,Mobile Infrastructure Corporation Common Stock,0
BELFA,Bel Fuse Inc,0
BELFB,Bel Fuse Inc,0
BEN,"Franklin Resources, Inc.",0
BENF,Beneficient Class A Common Stock,0
BEP,Brookfield Renewable Partners L.P.,0
BEPC,Brookfield Renewable Corporation Class A Exchangeable Subordinate Voting Shares,0
BESS,Bimergen Energy Corporation,0
BETA,"Beta Technologies, Inc.",0
BETR,Better Home & Finance Holding Company Class A Common Stock,0
BF.A,Brown-Forman Corporation Class A,0
BF.B,Brown-Forman Corporation Class B,0
BFAM,BRIGHT HORIZONS FAMILY SOLUTIONS INC.,0
BFC,Bank First Corporation Common Stock,0
BFH,"Bread Financial Holdings, Inc.",0
BFLY,"Butterfly Network, Inc.",0
BFRG,"Bullfrog AI Holdings, Inc. Common Stock",0
BFRI,Biofrontera Inc. Common Stock,0
BFS,"Saul Centers, Inc.",0
BFST,"Business First Bancshares, Inc. Common Stock",0
BG,Bunge Global SA,0
BGC,"BGC Group, Inc. Class A Common Stock",0
BGI,Birks Group Inc,0
BGIN,Bgin Blockchain Limited Class A Ordinary Shares,0
BGL,Blue Gold Limited Class A Ordinary Shares,0
BGLC,BioNexus Gene Lab Corp Common stock,0
BGM,BGM Group Ltd. Class A Ordinary Shares,0
BGMS,"Bio Green Med Solution, Inc. Common Stock",0
BGS,"B&G Foods, Inc.",0
BGSF,"BGSF, Inc.",0
BGSI,Boyd Group Services Inc.,0
BH,Biglari Holdings Inc. Class B Common Stock,0
BH.A,Biglari Holdings Inc. Class A Common Stock,0
BHAT,Blue Hat Interactive Entertainment Technology Ordinary Shares,0
BHB,Bar Harbor Bankshares,0
BHC,Bausch Health Companies Inc,0
BHE,Benchmark Electronics,0
BHF,"Brighthouse Financial, Inc.",0
BHFAL,"Brighthouse Financial, Inc. 6.25% Junior Subordinated Debentures due 2058",0
BHFAM,"Brighthouse Financial, Inc. Depositary shares each representing a 1/1,000th Interest in a Share of 4.625% Non-Cumulative Preferred Stock, Series D",0
BHFAN,"Brighthouse Financial, Inc. Depositary shares, each representing a 1/1,000th interest in a share of 5.375% Non-Cumulative Preferred Stock, Series C",0
BHFAO,"Brighthouse Financial, Inc. Depositary Shares 6.75% Non-Cum Pfd Series B",0
BHM,"Bluerock Homes Trust, Inc.",0
BHR,Braemar Hotels & Resorts Inc. Common Stock,0
BHRB,Burke & Herbert Financial Services Corp. Common Stock,0
BHST,BioHarvest Sciences Inc. Common Stock,0
BHVN,Biohaven Ltd.,0
BIAF,"bioAffinity Technologies, Inc. Common Stock",0
BIIB,Biogen Inc. Common Stock,0
BIII,Black Spade Acquisition III Co,0
BILL,"BILL Holdings, Inc.",0
BIO,"Bio-Rad Laboratories, Inc.Class A",0
BIO.B,"Bio-Rad Laboratories, Inc. Class B",0
BIOA,"BioAge Labs, Inc. Common Stock",0
BIOX,Bioceres Crop Solutions Corp. Ordinary Shares,0
BIP,Brookfield Infrastructure Partners L.P. Limited Partnership Units,0
BIPC,Brookfield Infrastructure Corporation Class A Exchangeable Subordinate Voting Shares,0
BIRD,"Allbirds, Inc. Class A Common Stock",0
BIRK,Birkenstock Holding plc,0
BITF,Bitfarms Ltd. Common Stock,0
BIVI,"BioVie, Inc. Common Stock",0
BIXI,Bitcoin Infrastructure Acquisition Corp Ltd. Class A Ordinary Shares,0
BIYA,Baiya International Group Inc. Ordinary Shares,0
BJ,"BJs Wholesale Club Holdings, Inc. Common Stock",0
BJDX,"Bluejay Diagnostics, Inc. Common Stock",0
BJRI,"BJ's Restaurants, Inc.",0
BK,Bank of New York Mellon Corporation,0
BKD,"Brookdale Senior Living, Inc.",0
BKE,"The Buckle, Inc.",0
BKH,Black Hills Corporation,0
BKHA,Black Hawk Acquisition Corporation Class A Ordinary Shares,0
BKKT,"Bakkt, Inc.",0
BKNG,Booking Holdings Inc. Common Stock,0
BKR,Baker Hughes Company,0
BKSY,BlackSky Technology Inc.,0
BKTI,BK Technologies Corporation,0
BKU,"Bankunited, Inc.",0
BKV,BKV Corporation,0
BKYI,"BIO-key International, Inc. Common Stock",0
BL,"BlackLine, Inc. Common Stock",0
BLBD,Blue Bird Corporation Common Stock,0
BLCO,Bausch + Lomb Corporation,0
BLD,TopBuild Corp. Common Stock,0
BLDP,Ballard Power Systems Inc.,0
BLDR,"Builders FirstSource, Inc.",0
BLFS,BioLife Solutions Inc.,0
BLFY,Blue Foundry Bancorp Common Stock,0
BLIN,Bridgeline Digital Inc.,0
BLIV,BeLive Holdings Ordinary Share,0
BLK,"Blackrock, Inc.",0
BLKB,"Blackbaud, Inc.",0
BLLN,"BillionToOne, Inc. Class A Common Stock",0
BLMN,"Bloomin' Brands, Inc. Common Stock",0
BLND,"Blend Labs, Inc.",0
BLNE,"Beeline Holdings, Inc. Common Stock",0
BLNK,Blink Charging Co. Common Stock,0
BLRK,Bluerock Acquisition Corp. Class A Ordinary Shares,0
BLSH,Bullish,0
BLUW,Blue Water Acquisition Corp. III Class A Ordinary Shares,0
BLX,"Banco Latinoamericano de Comercio Exterior, S.A",0
BLZE,"Backblaze, Inc. Class A Common Stock",0
BLZR,Trailblazer Acquisition Corp. Class A Ordinary Shares,0
BMBL,Bumble Inc. Class A Common Stock,0
BMEA,"Biomea Fusion, Inc. Common Stock",0
BMGL,Basel Medical Group Ltd Ordinary Shares,0
BMHL,Bluemount Holdings Limited Class B Ordinary Shares,0
BMI,"Badger Meter, Inc.",0
BMM,Blue Moon Metals Inc. Common Shares,0
BMNR,"BitMine Immersion Technologies, Inc.",0
BMO,Bank of Montreal,0
BMR,Beamr Imaging Ltd. Ordinary Share,0
BMRA,BIOMERICA INC,0
BMRC,Bank of Marin Bancorp,0
BMRN,BioMarin Pharmaceuticals Inc,0
BMY,Bristol-Myers Squibb Co.,0
BN,Brookfield Corporation,0
BNAI,Brand Engagement Network Inc. Common Stock,0
BNBX,BNB Plus Corp. Common Stock,0
BNC,CEA Industries Inc. Common Stock,0
BNED,"Barnes & Noble Education, Inc",0
BNGO,"Bionano Genomics, Inc. Common Stock",0
BNKK,"Bonk, Inc. Common Stock",0
BNL,"Broadstone Net Lease, Inc.",0
BNRG,Brenmiller Energy Ltd Ordinary Shares,0
BNS,Bank of Nova Scotia,0
BNT,Brookfield Wealth Solutions Ltd.,0
BNTC,Benitec Biopharma Inc. Common Stock,0
BNZI,"Banzai International, Inc. Class A Common Stock",0
BOBS,"Bobs Discount Furniture, Inc.",0
BOC,Boston Omaha Corporation,0
BODI,"The Beachbody Company, Inc. Class A Common Stock",0
BOF,BranchOut Food Inc. Common Stock,0
BOH,Bank of Hawaii Corp.,0
BOKF,BOK Financial Corp,0
BOLD,"Boundless Bio, Inc. Common Stock",0
BOLT,"Bolt Biotherapeutics, Inc. Common Stock",0
BON,Bon Natural Life Limited Class A Ordinary Shares,0
BOOM,DMC Global Inc. Common Stock,0
BOOT,"Boot Barn Holdings, Inc.",0
BORR,Borr Drilling Limited,0
BOSC,B.O.S. Better On-Line Solutions Ltd.,0
BOTJ,"Bank of the James Financial Group, Inc",0
BOW,Bowhead Specialty Holdings Inc.,0
BOX,"BOX, INC.",0
BOXL,Boxlight Corporation Class A Common Stock,0
BPAC,Blueport Acquisition Ltd Class A Ordinary Shares,0
BPOP,Popular Inc,0
BPRE,Bluerock Private Real Estate Fund,0
BPRN,"Princeton Bancorp, Inc. Common Stock (PA)",0
BPYPM,"Brookfield Property Partners L.P. 6.25% Class A Cumulative Redeemable Preferred Units, Series 1",0
BPYPN,"Brookfield Property Partners L.P. 5.750% Class A Cumulative Redeemable Perpetual Preferred Units, Series 3",0
BPYPO,"Brookfield Property Partners L.P. 6.375% Class A Cumulative Redeemable Perpetual Preferred Units, Series 2",0
BQ,Boqii Holding Limited,0
BR,Broadridge Financial Solutions Inc,0
BRAG,Bragg Gaming Group Inc. Common Shares,0
BRAI,Braiin Limited Common Stock,0
BRBR,"BellRing Brands, Inc.",0
BRBS,"Blue Ridge Bankshares, Inc.",0
BRC,Brady Corporation,0
BRCB,"Black Rock Coffee Bar, Inc. Class A Common Stock",0
BRCC,BRC Inc.,0
BRFH,Barfresh Food Group Inc. Common Stock,0
BRIA,BrilliA Inc,0
BRID,Bridgford Foods Corp,0
BRK.A,Berkshire Hathaway Inc.,0
BRK.B,BERKSHIRE HATHAWAY Class B,0
BRKR,Bruker Corporation,0
BRLS,Borealis Foods Inc. Class A Common Shares,0
BRLT,"Brilliant Earth Group, Inc. Class A Common Stock",0
BRN,"Barnwell Industries, Inc.",0
BRO,"Brown & Brown, Inc.",0
BROS,Dutch Bros Inc.,0
BRR,"ProCap Financial, Inc. Common Stock",0
BRSL,Brightstar Lottery PLC,0
BRSP,"BrightSpire Capital, Inc.",0
BRT,BRT Apartments Corp,0
BRTX,"BioRestorative Therapies, Inc. Common Stock (NV)",0
BRX,BRIXMOR PROPERTY GROUP INC.,0
BRZE,"Braze, Inc. Class A Common Stock",0
BSAA,BEST SPAC I Acquisition Corp. Class A Ordinary Shares,0
BSBK,Bogota Financial Corp. Common Stock,0
BSET,Bassett Furniture Industries I,0
BSM,"Black Stone Minerals, L.P.",0
BSRR,Sierra Bancorp,0
BSVN,Bank7 Corp. Common stock,0
BSX,Boston Scientific Corp.,0
BSY,"Bentley Systems, Incorporated Class B Common Stock",0
BTAI,"BioXcel Therapeutics, Inc. Common Stock",0
BTBD,"BT Brands, Inc. Common Stock",0
BTBT,"Bit Digital, Inc. Ordinary Shares",0
BTCS,BTCS Inc. Common Stock,0
BTCT,BTC Digital Ltd. Ordinary Shares,0
BTDR,Bitdeer Technologies Group Class A Ordinary Shares,0
BTE,Baytex Energy Corp.,0
BTG,B2Gold Corp.,0
BTGO,"BitGo Holdings, Inc.",0
BTM,Bitcoin Depot Inc. Class A Common Stock,0
BTMD,Biote Corp. Class A Common Stock,0
BTOC,Armlogi Holding Corp. common stock,0
BTOG,Bit Origin Limited Class A Ordinary Shares,0
BTQ,BTQ Technologies Corp. Common Stock,0
BTSG,"BrightSpring Health Services, Inc. Common Stock",0
BTTC,Black Titan Corporation Ordinary Shares,0
BTU,Peabody Energy Corporation,0
BUDA,"Buda Juice, Inc.",0
BULL,Webull Corporation Class A Ordinary Shares,0
BUR,Burford Capital Limited,0
BURL,"BURLINGTON STORES, INC.",0
BURU,"Nuburu, Inc.",0
BUSE,First Busey Corporation Class A Common Stock,0
BUUU,BUUU Group Limited Class A Ordinary Share,0
BV,"BrightView Holdings, Inc. Common Stock",0
BVC,BitVentures Limited Ordinary Shares,0
BVFL,"BV Financial, Inc. Common Stock",0
BVS,Bioventus Inc. Class A Common Stock,0
BW,"Babcock & Wilcox Enterprises, Inc.",0
BWA,BorgWarner Inc.,0
BWB,"Bridgewater Bancshares, Inc. Common Stock",0
BWBBP,"Bridgewater Bancshares, Inc. Depositary Shares, Each Representing a 1/100th Interest in a Share of 5.875% Non-Cumulative Perpetual Preferred Stock, Series A",0
BWEN,"Broadwind, Inc. Common Stock",0
BWFG,Bankwell Financial Group Inc,0
BWIN,"The Baldwin Insurance Group, Inc. Class A Common Stock",0
BWLP,BW LPG Limited,0
BWMN,Bowman Consulting Group Ltd. Common Stock,0
BWMX,"Betterware de Mexico, S.A.P.I. de C.V.",0
BWXT,"BWX Technologies, Inc.",0
BX,Blackstone Inc.,0
BXC,BlueLinx Holdings Inc.,0
BXMT,"Blackstone Mortgage Trust, Inc. (NEW)",0
BXP,"BXP, Inc.",0
BXSL,Blackstone Secured Lending Fund,0
BY,"Byline Bancorp, Inc. Common Stock",0
BYAH,"Park Ha Biological Technology Co., Ltd. Ordinary Shares",0
BYD,Boyd Gaming Corporation,0
BYFC,Broadway Financial Corp/Del,0
BYND,"Beyond Meat, Inc. Common Stock",0
BYRN,"Byrna Technologies, Inc. Common Stock",0
BYSI,BeyondSpring Inc. Ordinary Shares,0
BZAI,"Blaize Holdings, Inc. Common Stock",0
BZFD,"BuzzFeed, Inc. Class A Common Stock",0
BZH,"Beazer Homes USA, Inc. New",0
C,Citigroup Inc.,0
CAAP,Corporacion America Airports S.A.,0
CAAS,"China Automotive Systems, Inc. Ordinary Share",0
CABA,"Cabaletta Bio, Inc. Common Stock",0
CABO,"Cable One, Inc.",0
CABR,"Caring Brands, Inc. Common Stock",0
CAC,Camden National Corporation,0
CACC,Credit Acceptance Corp,0
CACI,CACI INTERNATIONAL CLA,0
CADL,"Candel Therapeutics, Inc. Common Stock",0
CAE,CAE INC,0
CAEP,"Cantor Equity Partners III, Inc. Class A Ordinary Shares",0
CAG,"Conagra Brands, Inc.",0
CAH,"Cardinal Health, Inc.",0
CAI,"Caris Life Sciences, Inc. Common Stock",0
CAKE,Cheesecake Factory (The),0
CAL,Caleres Inc,0
CALC,"CalciMedica, Inc. Common Stock",0
CALM,Cal-Maine Foods Inc,0
CALX,"CALIX, INC.",0
CALY,Callaway Golf Company,0
CAMP,CAMP4 Therapeutics Corporation Common Stock,0
CAMT,Camtek Ltd,0
CANG,Cango Inc.,0
CAPL,CrossAmerica Partners LP Common units representing limited partner interests,0
CAPN,Cayson Acquisition Corp Ordinary shares,0
CAPR,Capricor Therapeutics Inc,0
CAPS,Capstone Holding Corp. Common Stock,0
CAPT,Captivision Inc. Ordinary Shares,0
CAR,"Avis Budget Group, Inc.",0
CARE,"Carter Bankshares, Inc. Common Stock",0
CARG,"CarGurus, Inc. Class A Common Stock",0
CARL,"Carlsmed, Inc. Common Stock",0
CARR,Carrier Global Corporation,0
CARS,Cars.com Inc. Common Stock,0
CART,Maplebear Inc. Common Stock,0
CASH,"Pathward Financial, Inc. Common Stock",0
CASS,Cass Information Systems Inc,0
CASY,Casey's General Stores Inc,0
CAT,Caterpillar Inc.,0
CATO,CATO CORP,0
CATX,"Perspective Therapeutics, Inc.",0
CATY,Cathay General Bancorp,0
CAVA,"CAVA Group, Inc.",0
CB,Chubb Limited,0
CBAN,Colony Bankcorp Inc.,0
CBAT,"CBAK Energy Technology, Inc. Common Stock",0
CBC,"Central Bancompany, Inc. Class A Common Stock",0
CBFV,"CB Financial Services, Inc. (PA)",0
CBIO,"Crescent Biopharma, Inc. Common Stock",0
CBK,"Commercial Bancgroup, Inc. Common Stock",0
CBL,"CBL & Associates Properties, Inc.",0
CBLL,"CeriBell, Inc. Common Stock",0
CBNA,"Chain Bridge Bancorp, Inc.",0
CBNK,"Capital Bancorp, Inc.",0
CBOE,"Cboe Global Markets, Inc.",0
CBRE,"CBRE GROUP, INC.",0
CBRL,"Cracker Barrel Old Country Store, Inc,.",0
CBSH,Commerce Bancshares Inc,0
CBT,Cabot Corporation,0
CBU,"Community Financial System, Inc.",0
CBUS,"Cibus, Inc. Class A Common Stock",0
CBZ,"CBIZ, Inc.",0
CC,The Chemours Company,0
CCAP,"Crescent Capital BDC, Inc. Common stock",0
CCB,Coastal Financial Corporation,0
CCBG,Capital City Bank Group Inc,0
CCC,CCC Intelligent Solutions Holdings Inc. Common Stock,0
CCCC,"C4 Therapeutics, Inc.",0
CCD,Calamos Dynamic Convertible & Income Fund,0
CCEC,Capital Clean Energy Carriers Corp. Common Share,0
CCEL,Cryo-Cell International Inc.,0
CCEP,Coca-Cola Europacific Partners plc Ordinary Shares,0
CCG,Cheche Group Inc. Class A Ordinary Shares,0
CCHH,CCH Holdings Ltd Ordinary Shares,0
CCI,Crown Castle Inc.,0
CCII,Cohen Circle Acquisition Corp. II Class A Ordinary Shares,0
CCIX,Churchill Capital Corp IX Ordinary Shares,0
CCJ,Cameco Corporation,0
CCK,Crown Holdings Inc.,0
CCL,Carnival Corporation,0
CCLD,"CareCloud, Inc. Common Stock",0
CCNE,CNB Financial Corp/PA,0
CCO,"Clear Channel Outdoor Holdings, Inc. Common Stock",0
CCOI,"Cogent Communications Holdings, Inc.",0
CCRN,Cross Country Healthcare Inc,0
CCS,"CENTURY COMMUNITIES, INC.",0
CCSI,"Consensus Cloud Solutions, Inc. Common Stock",0
CCTG,CCSC Technology International Holdings Limited Class A Ordinary Shares,0
CCXI,Churchill Capital Corp XI Class A Ordinary Shares,0
CD,Chaince Digital Holdings Inc. Ordinary Shares,0
CDE,"Coeur Mining, Inc.",0
CDIO,Cardio Diagnostics Holdings Inc. Common stock,0
CDLX,"Cardlytics, Inc. Common Stock",0
CDNA,"CareDx, Inc.",0
CDNL,Cardinal Infrastructure Group Inc. Class A Common Stock,0
CDNS,Cadence Design Systems,0
CDP,COPT Defense Properties,0
CDRE,"Cadre Holdings, Inc.",0
CDRO,"Codere Online Luxembourg, S.A. Ordinary Shares",0
CDT,CDT Equity Inc. Common Stock,0
CDTG,CDT Environmental Technology Investment Holdings Limited ordinary shares,0
CDW,CDW Corporation,0
CDXS,"Codexis, Inc.",0
CDZI,"CADIZ, Inc.",0
CE,Celanese Corporation Common Stock,0
CECO,Ceco Environmental Corp,0
CEG,Constellation Energy Corporation Common Stock,0
CELC,Celcuity Inc. Common Stock,0
CELH,"Celsius Holdings, Inc. Common Stock",0
CELU,Celularity Inc. Class A Common Stock,0
CELZ,"Creative Medical Technology Holdings, Inc. Common Stock",0
CENN,Cenntro Inc. Common Stock,0
CENT,Central Garden and Pet Co,0
CENTA,Central Garden & Pet Company,0
CENX,Century Aluminum Co,0
CEPF,"Cantor Equity Partners IV, Inc. Class A Ordinary Shares",0
CEPO,"Cantor Equity Partners I, Inc. Class A Ordinary Shares",0
CEPS,"Cantor Equity Partners VI, Inc. Class A Ordinary Shares",0
CEPT,"Cantor Equity Partners II, Inc. Class A Ordinary Share",0
CEPU,Central Puerto S.A. American Depositary Shares (each represents ten Common Shares),0
CEPV,"Cantor Equity Partners V, Inc. Class A Ordinary Shares",0
CERS,Cerus Corp,0
CERT,"Certara, Inc. Common Stock",0
CETX,CEMTREX INC.,0
CETY,"Clean Energy Technologies, Inc. Common Stock",0
CEVA,CEVA Inc.,0
CF,"CF Industries Holding, Inc.",0
CFBK,CF Bankshares Inc. Common Stock,0
CFFI,C&F Financial Corp,0
CFFN,"Capitol Federal Financial, Inc.",0
CFG,"Citizens Financial Group, Inc.",0
CFLT,"Confluent, Inc. Class A Common Stock",0
CFND,C1 Fund Inc.,0
CFR,Cullen/Frost Bankers Inc.,0
CG,The Carlyle Group Inc. Common Stock,0
CGABL,The Carlyle Group Inc. 4.625% Subordinated Notes due 2061,0
CGAU,Centerra Gold Inc.,0
CGBD,"Carlyle Secured Lending, Inc. Common Stock",0
CGC,Canopy Growth Corporation Common Shares,0
CGCT,Cartesian Growth Corporation III Class A Ordinary Shares,0
CGEM,"Cullinan Therapeutics, Inc. Common Stock",0
CGEN,Compugen Ltd,0
CGNT,Cognyte Software Ltd. Ordinary Shares,0
CGNX,Cognex Corp,0
CGO,Calamos Global Total Return Fund,0
CGON,"CG Oncology, Inc. Common stock",0
CGTL,Creative Global Technology Holdings Limited Class A Ordinary Shares,0
CGTX,"Cognition Therapeutics, Inc. Common Stock",0
CHAC,Crane Harbor Acquisition Corp. Class A Ordinary Shares,0
CHAI,"Core AI Holdings, Inc. Common Shares",0
CHAR,Charlton Aria Acquisition Corporation Class A Ordinary Shares,0
CHCI,"Comstock Holding Companies, Inc. Class A",0
CHCO,City Holding Co,0
CHCT,"Community Healthcare Trust Incorporated Common Stock, $0.01 par value per share",0
CHD,"Church & Dwight Co., Inc.",0
CHDN,Churchill Downs Inc,0
CHE,Chemed Corporation,0
CHEC,Chenghe Acquisition III Co. Class A Ordinary Share,0
CHEF,The Chef's Warehouse Inc,0
CHGG,"CHEGG, INC.",0
CHH,Choice Hotels Intnl.,0
CHI,Calamos Convertible Opportunities and Income Fund,0
CHKP,Check Point Software Technologies Ltd,0
